header,date,time
No TP because of coronavirus? This Aussie paper has your back(side),2020-03-05,4:49pm
Legendary New York Post editor Al Ellenberg dead of cancer at 84,2020-03-04,8:57pm
Top Chicago Tribune editor Bruce Dold fired,2020-02-27,1:35pm
Newspaper giant McClatchy files for bankruptcy,2020-02-13,8:09am
"Nicaragua returns ink, paper seized from publication critical of government",2020-02-08,3:19pm
Tribune Publishing's new CEO unleashes bloodbath in executive ranks,2020-02-06,2:01pm
NYT revenue tops estimates as digital subscriptions rise,2020-02-06,10:48am
Tribune names finance chief to CEO post amid cost-cutting,2020-02-03,2:47pm
Buzzfeed chief Ben Smith leaves for NY Times columnist job,2020-01-28,4:24pm
China demands apology for newspaper's coronavirus cartoon,2020-01-28,1:45pm
